[{"model": "admin.logentry", "pk": 1, "fields": {"action_time": "2022-02-26T15:13:28.823", "user": 1, "content_type": 11, "object_id": "1", "object_repr": "Introduction object (1)", "action_flag": 1, "change_message": "[{\"added\": {}}]"}}, {"model": "admin.logentry", "pk": 2, "fields": {"action_time": "2022-02-26T16:25:45.542", "user": 1, "content_type": 12, "object_id": "15", "object_repr": "Lecture object (15)", "action_flag": 1, "change_message": "[{\"added\": {}}]"}}, {"model": "admin.logentry", "pk": 3, "fields": {"action_time": "2022-02-26T16:26:03.208", "user": 1, "content_type": 12, "object_id": "16", "object_repr": "Lecture object (16)", "action_flag": 1, "change_message": "[{\"added\": {}}]"}}, {"model": "admin.logentry", "pk": 4, "fields": {"action_time": "2022-02-26T16:26:16.904", "user": 1, "content_type": 12, "object_id": "17", "object_repr": "Lecture object (17)", "action_flag": 1, "change_message": "[{\"added\": {}}]"}}, {"model": "admin.logentry", "pk": 5, "fields": {"action_time": "2022-02-26T16:26:30.270", "user": 1, "content_type": 12, "object_id": "18", "object_repr": "Lecture object (18)", "action_flag": 1, "change_message": "[{\"added\": {}}]"}}, {"model": "admin.logentry", "pk": 6, "fields": {"action_time": "2022-02-26T16:26:45.290", "user": 1, "content_type": 12, "object_id": "19", "object_repr": "Lecture object (19)", "action_flag": 1, "change_message": "[{\"added\": {}}]"}}, {"model": "admin.logentry", "pk": 7, "fields": {"action_time": "2022-02-26T16:26:59.959", "user": 1, "content_type": 12, "object_id": "20", "object_repr": "Lecture object (20)", "action_flag": 1, "change_message": "[{\"added\": {}}]"}}, {"model": "admin.logentry", "pk": 8, "fields": {"action_time": "2022-02-26T16:30:05.531", "user": 1, "content_type": 12, "object_id": "21", "object_repr": "Lecture object (21)", "action_flag": 1, "change_message": "[{\"added\": {}}]"}}, {"model": "admin.logentry", "pk": 9, "fields": {"action_time": "2022-02-26T16:30:25.332", "user": 1, "content_type": 12, "object_id": "22", "object_repr": "Lecture object (22)", "action_flag": 1, "change_message": "[{\"added\": {}}]"}}, {"model": "admin.logentry", "pk": 10, "fields": {"action_time": "2022-02-26T20:04:30.370", "user": 1, "content_type": 19, "object_id": "1", "object_repr": "Comment object (1)", "action_flag": 1, "change_message": "[{\"added\": {}}]"}}, {"model": "admin.logentry", "pk": 11, "fields": {"action_time": "2022-02-26T20:04:35.604", "user": 1, "content_type": 19, "object_id": "2", "object_repr": "Comment object (2)", "action_flag": 1, "change_message": "[{\"added\": {}}]"}}, {"model": "auth.permission", "pk": 1, "fields": {"name": "Can add log entry", "content_type": 1, "codename": "add_logentry"}}, {"model": "auth.permission", "pk": 2, "fields": {"name": "Can change log entry", "content_type": 1, "codename": "change_logentry"}}, {"model": "auth.permission", "pk": 3, "fields": {"name": "Can delete log entry", "content_type": 1, "codename": "delete_logentry"}}, {"model": "auth.permission", "pk": 4, "fields": {"name": "Can view log entry", "content_type": 1, "codename": "view_logentry"}}, {"model": "auth.permission", "pk": 5, "fields": {"name": "Can add permission", "content_type": 2, "codename": "add_permission"}}, {"model": "auth.permission", "pk": 6, "fields": {"name": "Can change permission", "content_type": 2, "codename": "change_permission"}}, {"model": "auth.permission", "pk": 7, "fields": {"name": "Can delete permission", "content_type": 2, "codename": "delete_permission"}}, {"model": "auth.permission", "pk": 8, "fields": {"name": "Can view permission", "content_type": 2, "codename": "view_permission"}}, {"model": "auth.permission", "pk": 9, "fields": {"name": "Can add group", "content_type": 3, "codename": "add_group"}}, {"model": "auth.permission", "pk": 10, "fields": {"name": "Can change group", "content_type": 3, "codename": "change_group"}}, {"model": "auth.permission", "pk": 11, "fields": {"name": "Can delete group", "content_type": 3, "codename": "delete_group"}}, {"model": "auth.permission", "pk": 12, "fields": {"name": "Can view group", "content_type": 3, "codename": "view_group"}}, {"model": "auth.permission", "pk": 13, "fields": {"name": "Can add content type", "content_type": 4, "codename": "add_contenttype"}}, {"model": "auth.permission", "pk": 14, "fields": {"name": "Can change content type", "content_type": 4, "codename": "change_contenttype"}}, {"model": "auth.permission", "pk": 15, "fields": {"name": "Can delete content type", "content_type": 4, "codename": "delete_contenttype"}}, {"model": "auth.permission", "pk": 16, "fields": {"name": "Can view content type", "content_type": 4, "codename": "view_contenttype"}}, {"model": "auth.permission", "pk": 17, "fields": {"name": "Can add session", "content_type": 5, "codename": "add_session"}}, {"model": "auth.permission", "pk": 18, "fields": {"name": "Can change session", "content_type": 5, "codename": "change_session"}}, {"model": "auth.permission", "pk": 19, "fields": {"name": "Can delete session", "content_type": 5, "codename": "delete_session"}}, {"model": "auth.permission", "pk": 20, "fields": {"name": "Can view session", "content_type": 5, "codename": "view_session"}}, {"model": "auth.permission", "pk": 21, "fields": {"name": "Can add user", "content_type": 6, "codename": "add_user"}}, {"model": "auth.permission", "pk": 22, "fields": {"name": "Can change user", "content_type": 6, "codename": "change_user"}}, {"model": "auth.permission", "pk": 23, "fields": {"name": "Can delete user", "content_type": 6, "codename": "delete_user"}}, {"model": "auth.permission", "pk": 24, "fields": {"name": "Can view user", "content_type": 6, "codename": "view_user"}}, {"model": "auth.permission", "pk": 25, "fields": {"name": "Can add analysis", "content_type": 7, "codename": "add_analysis"}}, {"model": "auth.permission", "pk": 26, "fields": {"name": "Can change analysis", "content_type": 7, "codename": "change_analysis"}}, {"model": "auth.permission", "pk": 27, "fields": {"name": "Can delete analysis", "content_type": 7, "codename": "delete_analysis"}}, {"model": "auth.permission", "pk": 28, "fields": {"name": "Can view analysis", "content_type": 7, "codename": "view_analysis"}}, {"model": "auth.permission", "pk": 29, "fields": {"name": "Can add board", "content_type": 8, "codename": "add_board"}}, {"model": "auth.permission", "pk": 30, "fields": {"name": "Can change board", "content_type": 8, "codename": "change_board"}}, {"model": "auth.permission", "pk": 31, "fields": {"name": "Can delete board", "content_type": 8, "codename": "delete_board"}}, {"model": "auth.permission", "pk": 32, "fields": {"name": "Can view board", "content_type": 8, "codename": "view_board"}}, {"model": "auth.permission", "pk": 33, "fields": {"name": "Can add debriefing", "content_type": 9, "codename": "add_debriefing"}}, {"model": "auth.permission", "pk": 34, "fields": {"name": "Can change debriefing", "content_type": 9, "codename": "change_debriefing"}}, {"model": "auth.permission", "pk": 35, "fields": {"name": "Can delete debriefing", "content_type": 9, "codename": "delete_debriefing"}}, {"model": "auth.permission", "pk": 36, "fields": {"name": "Can view debriefing", "content_type": 9, "codename": "view_debriefing"}}, {"model": "auth.permission", "pk": 37, "fields": {"name": "Can add download", "content_type": 10, "codename": "add_download"}}, {"model": "auth.permission", "pk": 38, "fields": {"name": "Can change download", "content_type": 10, "codename": "change_download"}}, {"model": "auth.permission", "pk": 39, "fields": {"name": "Can delete download", "content_type": 10, "codename": "delete_download"}}, {"model": "auth.permission", "pk": 40, "fields": {"name": "Can view download", "content_type": 10, "codename": "view_download"}}, {"model": "auth.permission", "pk": 41, "fields": {"name": "Can add introduction", "content_type": 11, "codename": "add_introduction"}}, {"model": "auth.permission", "pk": 42, "fields": {"name": "Can change introduction", "content_type": 11, "codename": "change_introduction"}}, {"model": "auth.permission", "pk": 43, "fields": {"name": "Can delete introduction", "content_type": 11, "codename": "delete_introduction"}}, {"model": "auth.permission", "pk": 44, "fields": {"name": "Can view introduction", "content_type": 11, "codename": "view_introduction"}}, {"model": "auth.permission", "pk": 45, "fields": {"name": "Can add lecture", "content_type": 12, "codename": "add_lecture"}}, {"model": "auth.permission", "pk": 46, "fields": {"name": "Can change lecture", "content_type": 12, "codename": "change_lecture"}}, {"model": "auth.permission", "pk": 47, "fields": {"name": "Can delete lecture", "content_type": 12, "codename": "delete_lecture"}}, {"model": "auth.permission", "pk": 48, "fields": {"name": "Can view lecture", "content_type": 12, "codename": "view_lecture"}}, {"model": "auth.permission", "pk": 49, "fields": {"name": "Can add project", "content_type": 13, "codename": "add_project"}}, {"model": "auth.permission", "pk": 50, "fields": {"name": "Can change project", "content_type": 13, "codename": "change_project"}}, {"model": "auth.permission", "pk": 51, "fields": {"name": "Can delete project", "content_type": 13, "codename": "delete_project"}}, {"model": "auth.permission", "pk": 52, "fields": {"name": "Can view project", "content_type": 13, "codename": "view_project"}}, {"model": "auth.permission", "pk": 53, "fields": {"name": "Can add qn a", "content_type": 14, "codename": "add_qna"}}, {"model": "auth.permission", "pk": 54, "fields": {"name": "Can change qn a", "content_type": 14, "codename": "change_qna"}}, {"model": "auth.permission", "pk": 55, "fields": {"name": "Can delete qn a", "content_type": 14, "codename": "delete_qna"}}, {"model": "auth.permission", "pk": 56, "fields": {"name": "Can view qn a", "content_type": 14, "codename": "view_qna"}}, {"model": "auth.permission", "pk": 57, "fields": {"name": "Can add survey", "content_type": 15, "codename": "add_survey"}}, {"model": "auth.permission", "pk": 58, "fields": {"name": "Can change survey", "content_type": 15, "codename": "change_survey"}}, {"model": "auth.permission", "pk": 59, "fields": {"name": "Can delete survey", "content_type": 15, "codename": "delete_survey"}}, {"model": "auth.permission", "pk": 60, "fields": {"name": "Can view survey", "content_type": 15, "codename": "view_survey"}}, {"model": "auth.permission", "pk": 61, "fields": {"name": "Can add watch", "content_type": 16, "codename": "add_watch"}}, {"model": "auth.permission", "pk": 62, "fields": {"name": "Can change watch", "content_type": 16, "codename": "change_watch"}}, {"model": "auth.permission", "pk": 63, "fields": {"name": "Can delete watch", "content_type": 16, "codename": "delete_watch"}}, {"model": "auth.permission", "pk": 64, "fields": {"name": "Can view watch", "content_type": 16, "codename": "view_watch"}}, {"model": "auth.permission", "pk": 65, "fields": {"name": "Can add blacklisted token", "content_type": 17, "codename": "add_blacklistedtoken"}}, {"model": "auth.permission", "pk": 66, "fields": {"name": "Can change blacklisted token", "content_type": 17, "codename": "change_blacklistedtoken"}}, {"model": "auth.permission", "pk": 67, "fields": {"name": "Can delete blacklisted token", "content_type": 17, "codename": "delete_blacklistedtoken"}}, {"model": "auth.permission", "pk": 68, "fields": {"name": "Can view blacklisted token", "content_type": 17, "codename": "view_blacklistedtoken"}}, {"model": "auth.permission", "pk": 69, "fields": {"name": "Can add outstanding token", "content_type": 18, "codename": "add_outstandingtoken"}}, {"model": "auth.permission", "pk": 70, "fields": {"name": "Can change outstanding token", "content_type": 18, "codename": "change_outstandingtoken"}}, {"model": "auth.permission", "pk": 71, "fields": {"name": "Can delete outstanding token", "content_type": 18, "codename": "delete_outstandingtoken"}}, {"model": "auth.permission", "pk": 72, "fields": {"name": "Can view outstanding token", "content_type": 18, "codename": "view_outstandingtoken"}}, {"model": "auth.permission", "pk": 73, "fields": {"name": "Can add posting", "content_type": 12, "codename": "add_posting"}}, {"model": "auth.permission", "pk": 74, "fields": {"name": "Can change posting", "content_type": 12, "codename": "change_posting"}}, {"model": "auth.permission", "pk": 75, "fields": {"name": "Can delete posting", "content_type": 12, "codename": "delete_posting"}}, {"model": "auth.permission", "pk": 76, "fields": {"name": "Can view posting", "content_type": 12, "codename": "view_posting"}}, {"model": "auth.permission", "pk": 77, "fields": {"name": "Can add comment", "content_type": 19, "codename": "add_comment"}}, {"model": "auth.permission", "pk": 78, "fields": {"name": "Can change comment", "content_type": 19, "codename": "change_comment"}}, {"model": "auth.permission", "pk": 79, "fields": {"name": "Can delete comment", "content_type": 19, "codename": "delete_comment"}}, {"model": "auth.permission", "pk": 80, "fields": {"name": "Can view comment", "content_type": 19, "codename": "view_comment"}}, {"model": "auth.permission", "pk": 81, "fields": {"name": "Can add user watch video", "content_type": 20, "codename": "add_userwatchvideo"}}, {"model": "auth.permission", "pk": 82, "fields": {"name": "Can change user watch video", "content_type": 20, "codename": "change_userwatchvideo"}}, {"model": "auth.permission", "pk": 83, "fields": {"name": "Can delete user watch video", "content_type": 20, "codename": "delete_userwatchvideo"}}, {"model": "auth.permission", "pk": 84, "fields": {"name": "Can view user watch video", "content_type": 20, "codename": "view_userwatchvideo"}}, {"model": "auth.permission", "pk": 85, "fields": {"name": "Can add posting files", "content_type": 21, "codename": "add_postingfiles"}}, {"model": "auth.permission", "pk": 86, "fields": {"name": "Can change posting files", "content_type": 21, "codename": "change_postingfiles"}}, {"model": "auth.permission", "pk": 87, "fields": {"name": "Can delete posting files", "content_type": 21, "codename": "delete_postingfiles"}}, {"model": "auth.permission", "pk": 88, "fields": {"name": "Can view posting files", "content_type": 21, "codename": "view_postingfiles"}}, {"model": "contenttypes.contenttype", "pk": 1, "fields": {"app_label": "admin", "model": "logentry"}}, {"model": "contenttypes.contenttype", "pk": 2, "fields": {"app_label": "auth", "model": "permission"}}, {"model": "contenttypes.contenttype", "pk": 3, "fields": {"app_label": "auth", "model": "group"}}, {"model": "contenttypes.contenttype", "pk": 4, "fields": {"app_label": "contenttypes", "model": "contenttype"}}, {"model": "contenttypes.contenttype", "pk": 5, "fields": {"app_label": "sessions", "model": "session"}}, {"model": "contenttypes.contenttype", "pk": 6, "fields": {"app_label": "user", "model": "user"}}, {"model": "contenttypes.contenttype", "pk": 7, "fields": {"app_label": "posting", "model": "analysis"}}, {"model": "contenttypes.contenttype", "pk": 8, "fields": {"app_label": "posting", "model": "board"}}, {"model": "contenttypes.contenttype", "pk": 9, "fields": {"app_label": "posting", "model": "debriefing"}}, {"model": "contenttypes.contenttype", "pk": 10, "fields": {"app_label": "posting", "model": "download"}}, {"model": "contenttypes.contenttype", "pk": 11, "fields": {"app_label": "posting", "model": "introduction"}}, {"model": "contenttypes.contenttype", "pk": 12, "fields": {"app_label": "posting", "model": "posting"}}, {"model": "contenttypes.contenttype", "pk": 13, "fields": {"app_label": "posting", "model": "project"}}, {"model": "contenttypes.contenttype", "pk": 14, "fields": {"app_label": "posting", "model": "qna"}}, {"model": "contenttypes.contenttype", "pk": 15, "fields": {"app_label": "posting", "model": "survey"}}, {"model": "contenttypes.contenttype", "pk": 16, "fields": {"app_label": "posting", "model": "watch"}}, {"model": "contenttypes.contenttype", "pk": 17, "fields": {"app_label": "token_blacklist", "model": "blacklistedtoken"}}, {"model": "contenttypes.contenttype", "pk": 18, "fields": {"app_label": "token_blacklist", "model": "outstandingtoken"}}, {"model": "contenttypes.contenttype", "pk": 19, "fields": {"app_label": "posting", "model": "comment"}}, {"model": "contenttypes.contenttype", "pk": 20, "fields": {"app_label": "posting", "model": "userwatchvideo"}}, {"model": "contenttypes.contenttype", "pk": 21, "fields": {"app_label": "posting", "model": "postingfiles"}}, {"model": "sessions.session", "pk": "dp4rgqouafj9pvk6o149tvciaochxhqy", "fields": {"session_data": ".eJxVjMsOwiAQRf-FtSFDHaC4dN9vIAMz2KqBpI-V8d-1SRe6veec-1KRtnWM2yJznFhdlFGn3y1RfkjdAd-p3prOra7zlPSu6IMuemgsz-vh_h2MtIzf2nl2wn0AdCKGIHtLeA4d9CAExXjrO8CMWGwAyy4l5wiLD6bj3lhW7w_KpzcW:1nNqIU:DNaovTQQeVNVt-9OkwcAO3KJKVdrBVne_qg1Y3kS-bo", "expire_date": "2022-03-12T15:11:14.389"}}, {"model": "user.user", "pk": 1, "fields": {"password": "pbkdf2_sha256$320000$CmhO5NtHqYSUfcG2CGFIt0$nlUPF1DLF+AqqFb2LHigWEY7V1KY2+3FwLhI/ljy9UQ=", "last_login": "2022-02-26T15:11:14.387", "email": "test@test.com", "name": "test", "phone": "test", "is_active": true, "is_admin": true, "is_superuser": true, "is_staff": true, "date_joined": "2022-02-26T15:10:30.706", "groups": [], "user_permissions": []}}, {"model": "user.user", "pk": 2, "fields": {"password": "pbkdf2_sha256$320000$G6bHBuHSyvk5wa7LzSVnvd$Qa4S0YaY2CGn4/92hvFpOb4H7h6iXRYBrK2i8QUozIY=", "last_login": null, "email": "test1@test.com", "name": "홍길동", "phone": "01059292392", "is_active": true, "is_admin": false, "is_superuser": false, "is_staff": false, "date_joined": "2022-02-26T23:54:41.652", "groups": [], "user_permissions": []}}, {"model": "posting.posting", "pk": 14, "fields": {"author": 1, "view": 12, "title": "테스트2", "date": "2022-02-26T15:55:04.301", "contents": "<p>ㅁㄴㅇ</p>", "youtube_id": "bpNemOjS_-o", "meeting_date": null, "meeting_id": null, "survey_url": null, "category": "LECTURE", "download": 0, "secret": false}}, {"model": "posting.posting", "pk": 15, "fields": {"author": 1, "view": 16, "title": "test2", "date": "2022-02-26T16:25:45.539", "contents": "d", "youtube_id": "IHLLYeFc5sg", "meeting_date": null, "meeting_id": null, "survey_url": null, "category": "LECTURE", "download": 0, "secret": false}}, {"model": "posting.posting", "pk": 16, "fields": {"author": 1, "view": 2, "title": "test3", "date": "2022-02-26T16:26:03.207", "contents": "d", "youtube_id": "TEYwI2hw_TI", "meeting_date": null, "meeting_id": null, "survey_url": null, "category": "LECTURE", "download": 0, "secret": false}}, {"model": "posting.posting", "pk": 17, "fields": {"author": 1, "view": 0, "title": "test 4", "date": "2022-02-26T16:26:16.903", "contents": "a", "youtube_id": "JWJUIOPt9d4", "meeting_date": null, "meeting_id": null, "survey_url": null, "category": "LECTURE", "download": 0, "secret": false}}, {"model": "posting.posting", "pk": 18, "fields": {"author": 1, "view": 0, "title": "test5", "date": "2022-02-26T16:26:30.269", "contents": "dd", "youtube_id": "k59exa_VBAU", "meeting_date": null, "meeting_id": null, "survey_url": null, "category": "LECTURE", "download": 0, "secret": false}}, {"model": "posting.posting", "pk": 20, "fields": {"author": 1, "view": 0, "title": "test 7", "date": "2022-02-26T16:26:59.958", "contents": "d", "youtube_id": "MquQ9uj0cyc", "meeting_date": null, "meeting_id": null, "survey_url": null, "category": "LECTURE", "download": 0, "secret": false}}, {"model": "posting.posting", "pk": 21, "fields": {"author": 1, "view": 4, "title": "test!", "date": "2022-02-26T16:30:05.530", "contents": "d", "youtube_id": "ors0wpcVDcc", "meeting_date": null, "meeting_id": null, "survey_url": null, "category": "LECTURE", "download": 0, "secret": false}}, {"model": "posting.posting", "pk": 23, "fields": {"author": 1, "view": 15, "title": "동영상테스트", "date": "2022-02-26T21:05:47.740", "contents": "<p>동영상 테스트</p>", "youtube_id": "mPymRFeTJa4", "meeting_date": null, "meeting_id": null, "survey_url": null, "category": "LECTURE", "download": 0, "secret": false}}, {"model": "posting.posting", "pk": 24, "fields": {"author": 1, "view": 63, "title": "수정", "date": "2022-02-26T23:25:51.576", "contents": "<p>asdasd</p>", "youtube_id": "8ZaFk0yvNlI", "meeting_date": null, "meeting_id": null, "survey_url": null, "category": "LECTURE", "download": 0, "secret": false}}, {"model": "posting.posting", "pk": 25, "fields": {"author": 1, "view": 0, "title": "동영상 시청 글 테스트", "date": "2022-02-27T10:09:05.200", "contents": "<p>테스트</p>", "youtube_id": "gvTp8LJCWFY", "meeting_date": null, "meeting_id": null, "survey_url": null, "category": "LECTURE", "download": 0, "secret": false}}, {"model": "posting.posting", "pk": 26, "fields": {"author": 1, "view": 6, "title": "동영상 시청 테스트", "date": "2022-02-27T10:09:45.804", "contents": "<p>테스트 수정</p>", "youtube_id": "gvTp8LJCWFY", "meeting_date": null, "meeting_id": null, "survey_url": null, "category": "WATCH", "download": 0, "secret": false}}, {"model": "posting.posting", "pk": 27, "fields": {"author": 1, "view": 0, "title": "테스트", "date": "2022-02-27T10:17:53.902", "contents": "<p>테스트</p>", "youtube_id": null, "meeting_date": null, "meeting_id": "12345", "survey_url": null, "category": "ANALYSIS", "download": 0, "secret": false}}, {"model": "posting.posting", "pk": 30, "fields": {"author": 1, "view": 0, "title": "test3", "date": "2022-02-27T11:31:46.793", "contents": null, "youtube_id": null, "meeting_date": "2022-02-11T18:01:00", "meeting_id": "asdf", "survey_url": null, "category": "ANALYSIS", "download": 0, "secret": false}}, {"model": "posting.posting", "pk": 31, "fields": {"author": 1, "view": 0, "title": "test4", "date": "2022-02-27T11:32:14.251", "contents": null, "youtube_id": null, "meeting_date": "2022-02-03T11:00:00", "meeting_id": "test4", "survey_url": null, "category": "ANALYSIS", "download": 0, "secret": false}}, {"model": "posting.posting", "pk": 37, "fields": {"author": 1, "view": 2, "title": "테스트33", "date": "2022-02-27T12:18:37.237", "contents": null, "youtube_id": null, "meeting_date": "2022-02-04T00:02:00", "meeting_id": "123", "survey_url": null, "category": "ANALYSIS", "download": 0, "secret": false}}, {"model": "posting.posting", "pk": 39, "fields": {"author": 1, "view": 0, "title": "테스트", "date": "2022-02-27T14:03:13.502", "contents": null, "youtube_id": null, "meeting_date": "2022-02-02T02:03:00", "meeting_id": "123", "survey_url": null, "category": "DEBRIEFING", "download": 0, "secret": false}}, {"model": "posting.posting", "pk": 41, "fields": {"author": 1, "view": 1, "title": "as", "date": "2022-02-27T15:05:45.759", "contents": "ad", "youtube_id": null, "meeting_date": null, "meeting_id": null, "survey_url": null, "category": "PROJECT", "download": 0, "secret": false}}, {"model": "posting.posting", "pk": 42, "fields": {"author": 1, "view": 2, "title": "asd", "date": "2022-02-27T15:09:27.997", "contents": "agwq", "youtube_id": null, "meeting_date": null, "meeting_id": null, "survey_url": null, "category": "PROJECT", "download": 0, "secret": false}}, {"model": "posting.posting", "pk": 43, "fields": {"author": 1, "view": 0, "title": "gwag", "date": "2022-02-27T15:29:11.508", "contents": "awgaw", "youtube_id": null, "meeting_date": null, "meeting_id": null, "survey_url": null, "category": "PROJECT", "download": 0, "secret": false}}, {"model": "posting.posting", "pk": 44, "fields": {"author": 1, "view": 0, "title": "asd", "date": "2022-02-27T15:29:29.522", "contents": "asga", "youtube_id": null, "meeting_date": null, "meeting_id": null, "survey_url": null, "category": "PROJECT", "download": 0, "secret": false}}, {"model": "posting.posting", "pk": 45, "fields": {"author": 1, "view": 0, "title": "asd", "date": "2022-02-27T15:30:15.443", "contents": "awf", "youtube_id": null, "meeting_date": null, "meeting_id": null, "survey_url": null, "category": "PROJECT", "download": 0, "secret": false}}, {"model": "posting.posting", "pk": 46, "fields": {"author": 1, "view": 3, "title": "test2", "date": "2022-02-27T15:35:27.561", "contents": "asdtest2", "youtube_id": null, "meeting_date": null, "meeting_id": null, "survey_url": null, "category": "PROJECT", "download": 0, "secret": false}}, {"model": "posting.posting", "pk": 47, "fields": {"author": 1, "view": 0, "title": "asd", "date": "2022-02-27T15:46:27.258", "contents": "asd", "youtube_id": null, "meeting_date": null, "meeting_id": null, "survey_url": null, "category": "PROJECT", "download": 0, "secret": false}}, {"model": "posting.posting", "pk": 48, "fields": {"author": 1, "view": 1, "title": "asd", "date": "2022-02-27T15:46:36.783", "contents": "asd", "youtube_id": null, "meeting_date": null, "meeting_id": null, "survey_url": null, "category": "PROJECT", "download": 0, "secret": false}}, {"model": "posting.posting", "pk": 49, "fields": {"author": 1, "view": 3, "title": "asd", "date": "2022-02-27T15:50:01.675", "contents": "asdasd", "youtube_id": null, "meeting_date": null, "meeting_id": null, "survey_url": null, "category": "PROJECT", "download": 0, "secret": false}}, {"model": "posting.userwatchvideo", "pk": 1, "fields": {"posting": 24, "user": 1, "percentage": 27}}, {"model": "posting.userwatchvideo", "pk": 4, "fields": {"posting": 24, "user": 2, "percentage": 22}}, {"model": "posting.userwatchvideo", "pk": 6, "fields": {"posting": 26, "user": 1, "percentage": 0}}, {"model": "posting.introduction", "pk": 1, "fields": {"title": "간호대학생을 위한 비대면 사례기반의 환자안전관리역량 강화프로그램", "course_introduction": "과정 소개", "instructor_introduction": "강사 소개", "instructor_name": "강사 이름", "profile_image": "assets/introduction-2022-02-26_1513.png", "job": "강사 직급"}}, {"model": "posting.comment", "pk": 1, "fields": {"author": 1, "posting": 14, "contents": "안녕하세요", "date": "2022-02-26"}}, {"model": "posting.comment", "pk": 2, "fields": {"author": 1, "posting": 14, "contents": "코멘트 테스트", "date": "2022-02-26"}}, {"model": "posting.comment", "pk": 3, "fields": {"author": 1, "posting": 14, "contents": "쓰기 테스트", "date": "2022-02-26"}}, {"model": "posting.comment", "pk": 4, "fields": {"author": 1, "posting": 16, "contents": "댓글 쓰기 테스트", "date": "2022-02-26"}}, {"model": "posting.comment", "pk": 5, "fields": {"author": 1, "posting": 16, "contents": "댓글 쓰기 테스트222", "date": "2022-02-26"}}, {"model": "posting.comment", "pk": 6, "fields": {"author": 1, "posting": 23, "contents": "굳", "date": "2022-02-26"}}, {"model": "posting.postingfiles", "pk": 1, "fields": {"author": 1, "posting": 45, "file": "공동주택관리법-시행령.pdf"}}, {"model": "posting.postingfiles", "pk": 2, "fields": {"author": 1, "posting": 45, "file": "공동주택관리법-시행규칙.pdf"}}, {"model": "posting.postingfiles", "pk": 3, "fields": {"author": 1, "posting": 46, "file": "2._Jump_2_python.pdf"}}, {"model": "posting.postingfiles", "pk": 4, "fields": {"author": 1, "posting": 48, "file": "공동주택관리법-시행규칙_lwzFm75.pdf"}}, {"model": "posting.postingfiles", "pk": 5, "fields": {"author": 1, "posting": 49, "file": "공동주택관리법-시행령_xwvPuUX.pdf"}}, {"model": "token_blacklist.outstandingtoken", "pk": 1, "fields": {"user": 1, "jti": "b77a75732a5a495692b4366c9628f2d5", "token": "eyJ0eXAiOiJKV1QiLCJhbGciOiJIUzI1NiJ9.eyJ0b2tlbl90eXBlIjoicmVmcmVzaCIsImV4cCI6MTY0NTk0MzYzNSwiaWF0IjoxNjQ1ODU3MjM1LCJqdGkiOiJiNzdhNzU3MzJhNWE0OTU2OTJiNDM2NmM5NjI4ZjJkNSIsInVzZXJfaWQiOjF9.3mxiE3EyhJvCs15zaeyulZQovzZdDDSMCBOhFn7Qdpk", "created_at": "2022-02-26T06:33:55.073", "expires_at": "2022-02-27T06:33:55"}}, {"model": "token_blacklist.outstandingtoken", "pk": 2, "fields": {"user": 1, "jti": "c230af30e1414109a742897311a5f3f9", "token": "eyJ0eXAiOiJKV1QiLCJhbGciOiJIUzI1NiJ9.eyJ0b2tlbl90eXBlIjoicmVmcmVzaCIsImV4cCI6MTY0NTk0MzY0NCwiaWF0IjoxNjQ1ODU3MjQ0LCJqdGkiOiJjMjMwYWYzMGUxNDE0MTA5YTc0Mjg5NzMxMWE1ZjNmOSIsInVzZXJfaWQiOjF9.x9TwExCnpPFn81Zp40nqmoNLpPqt53F6RJ5sncOEL9o", "created_at": "2022-02-26T06:34:04.529", "expires_at": "2022-02-27T06:34:04"}}, {"model": "token_blacklist.outstandingtoken", "pk": 3, "fields": {"user": 1, "jti": "8481339448fb4fc4b0cb7895da17e781", "token": "eyJ0eXAiOiJKV1QiLCJhbGciOiJIUzI1NiJ9.eyJ0b2tlbl90eXBlIjoicmVmcmVzaCIsImV4cCI6MTY0NTk0Mzg1MCwiaWF0IjoxNjQ1ODU3NDUwLCJqdGkiOiI4NDgxMzM5NDQ4ZmI0ZmM0YjBjYjc4OTVkYTE3ZTc4MSIsInVzZXJfaWQiOjF9.3M4bCl0XnhRpLpe_9iExCy5uJ_28qY4Yfw1zU-My18k", "created_at": "2022-02-26T06:37:30.737", "expires_at": "2022-02-27T06:37:30"}}, {"model": "token_blacklist.outstandingtoken", "pk": 4, "fields": {"user": 1, "jti": "541f6a39e09d40b986a7f46cc1cb0709", "token": "eyJ0eXAiOiJKV1QiLCJhbGciOiJIUzI1NiJ9.eyJ0b2tlbl90eXBlIjoicmVmcmVzaCIsImV4cCI6MTY0NTk0NDIxOCwiaWF0IjoxNjQ1ODU3ODE4LCJqdGkiOiI1NDFmNmEzOWUwOWQ0MGI5ODZhN2Y0NmNjMWNiMDcwOSIsInVzZXJfaWQiOjF9.zaF0GcFmuY9QyW0azg-Y1G8ozQZy_jv9ARLoP-EYhFQ", "created_at": "2022-02-26T06:43:38.205", "expires_at": "2022-02-27T06:43:38"}}, {"model": "token_blacklist.outstandingtoken", "pk": 5, "fields": {"user": 1, "jti": "c93439b90af7473aa2dfacd6252a973e", "token": "eyJ0eXAiOiJKV1QiLCJhbGciOiJIUzI1NiJ9.eyJ0b2tlbl90eXBlIjoicmVmcmVzaCIsImV4cCI6MTY0NTk1NDcyNiwiaWF0IjoxNjQ1ODY4MzI2LCJqdGkiOiJjOTM0MzliOTBhZjc0NzNhYTJkZmFjZDYyNTJhOTczZSIsInVzZXJfaWQiOjF9.4YrHTXBh1D-YzxHcqkC4Od0hjghZuwwbMj3meew8HsQ", "created_at": "2022-02-26T09:38:46.080", "expires_at": "2022-02-27T09:38:46"}}, {"model": "token_blacklist.outstandingtoken", "pk": 6, "fields": {"user": 1, "jti": "c311770b6c234cc2a91b1e55c2f0db21", "token": "eyJ0eXAiOiJKV1QiLCJhbGciOiJIUzI1NiJ9.eyJ0b2tlbl90eXBlIjoicmVmcmVzaCIsImV4cCI6MTY0NTk2MzI2MywiaWF0IjoxNjQ1ODc2ODYzLCJqdGkiOiJjMzExNzcwYjZjMjM0Y2MyYTkxYjFlNTVjMmYwZGIyMSIsInVzZXJfaWQiOjF9.qBxmcQYxywBRUpTyixAISotcUgJWVO8xpLfjDjvpAS4", "created_at": "2022-02-26T12:01:03.811", "expires_at": "2022-02-27T12:01:03"}}, {"model": "token_blacklist.outstandingtoken", "pk": 7, "fields": {"user": 2, "jti": "843e1789bbe64496a06b175788a40f99", "token": "eyJ0eXAiOiJKV1QiLCJhbGciOiJIUzI1NiJ9.eyJ0b2tlbl90eXBlIjoicmVmcmVzaCIsImV4cCI6MTY0NTk3MzY4MiwiaWF0IjoxNjQ1ODg3MjgyLCJqdGkiOiI4NDNlMTc4OWJiZTY0NDk2YTA2YjE3NTc4OGE0MGY5OSIsInVzZXJfaWQiOjJ9.vFjIs527MnVM3bTYeB0ZrFyGjCsyM59QOa7BgDTHaAw", "created_at": "2022-02-26T14:54:42.289", "expires_at": "2022-02-27T14:54:42"}}, {"model": "token_blacklist.outstandingtoken", "pk": 8, "fields": {"user": 1, "jti": "f60dde0917fb4c7aa4df63c0a3e17160", "token": "eyJ0eXAiOiJKV1QiLCJhbGciOiJIUzI1NiJ9.eyJ0b2tlbl90eXBlIjoicmVmcmVzaCIsImV4cCI6MTY0NTk3MzcxNSwiaWF0IjoxNjQ1ODg3MzE1LCJqdGkiOiJmNjBkZGUwOTE3ZmI0YzdhYTRkZjYzYzBhM2UxNzE2MCIsInVzZXJfaWQiOjF9.OU9O2lTTszw5JRLR8Pya-LYQXS0HgNK0ZWTPxCDjUlg", "created_at": "2022-02-26T14:55:15.663", "expires_at": "2022-02-27T14:55:15"}}, {"model": "token_blacklist.outstandingtoken", "pk": 9, "fields": {"user": 1, "jti": "31484ab7274844b9819041836c40f4b0", "token": "eyJ0eXAiOiJKV1QiLCJhbGciOiJIUzI1NiJ9.eyJ0b2tlbl90eXBlIjoicmVmcmVzaCIsImV4cCI6MTY0NTk3NzAzMSwiaWF0IjoxNjQ1ODkwNjMxLCJqdGkiOiIzMTQ4NGFiNzI3NDg0NGI5ODE5MDQxODM2YzQwZjRiMCIsInVzZXJfaWQiOjF9.yTG_shGfqAOwg-90o7E8vGmYomXYmxR3LqwX0loQ1XA", "created_at": "2022-02-26T15:50:31.439", "expires_at": "2022-02-27T15:50:31"}}, {"model": "token_blacklist.outstandingtoken", "pk": 10, "fields": {"user": 1, "jti": "a09325228c144744951e12a65f0408f1", "token": "eyJ0eXAiOiJKV1QiLCJhbGciOiJIUzI1NiJ9.eyJ0b2tlbl90eXBlIjoicmVmcmVzaCIsImV4cCI6MTY0NTk3NzgzMCwiaWF0IjoxNjQ1ODkxNDMwLCJqdGkiOiJhMDkzMjUyMjhjMTQ0NzQ0OTUxZTEyYTY1ZjA0MDhmMSIsInVzZXJfaWQiOjF9.Q2TWyY8GYiwRQN4rENrHdMYI0MEaSEJ3Yh7RSYAAwNE", "created_at": "2022-02-26T16:03:50.142", "expires_at": "2022-02-27T16:03:50"}}, {"model": "token_blacklist.outstandingtoken", "pk": 11, "fields": {"user": 1, "jti": "8b1e0bb80a18437a9b499f5432771f20", "token": "eyJ0eXAiOiJKV1QiLCJhbGciOiJIUzI1NiJ9.eyJ0b2tlbl90eXBlIjoicmVmcmVzaCIsImV4cCI6MTY0NjAwOTU1MCwiaWF0IjoxNjQ1OTIzMTUwLCJqdGkiOiI4YjFlMGJiODBhMTg0MzdhOWI0OTlmNTQzMjc3MWYyMCIsInVzZXJfaWQiOjF9.9-V7zqLze8QAkGTI9_Y6TFzwl1kEu-da-GcByWuWJ2w", "created_at": "2022-02-27T00:52:30.888", "expires_at": "2022-02-28T00:52:30"}}, {"model": "token_blacklist.outstandingtoken", "pk": 12, "fields": {"user": 1, "jti": "a567a0ce9d6b4b6098415420b4a1f1fe", "token": "eyJ0eXAiOiJKV1QiLCJhbGciOiJIUzI1NiJ9.eyJ0b2tlbl90eXBlIjoicmVmcmVzaCIsImV4cCI6MTY0NjAxMDQ0NiwiaWF0IjoxNjQ1OTI0MDQ2LCJqdGkiOiJhNTY3YTBjZTlkNmI0YjYwOTg0MTU0MjBiNGExZjFmZSIsInVzZXJfaWQiOjF9.tlQFm3NvI_xi1Dx7TMsbbuW5XdA-0sliytHTHkrFbQ4", "created_at": "2022-02-27T01:07:26.409", "expires_at": "2022-02-28T01:07:26"}}, {"model": "token_blacklist.outstandingtoken", "pk": 13, "fields": {"user": 1, "jti": "2f557b8db4ab4b0cbefa3c8d5744de99", "token": "eyJ0eXAiOiJKV1QiLCJhbGciOiJIUzI1NiJ9.eyJ0b2tlbl90eXBlIjoicmVmcmVzaCIsImV4cCI6MTY0NjAxNzI2MiwiaWF0IjoxNjQ1OTMwODYyLCJqdGkiOiIyZjU1N2I4ZGI0YWI0YjBjYmVmYTNjOGQ1NzQ0ZGU5OSIsInVzZXJfaWQiOjF9.dRMsSZwblFH3qbLV6or9ED6T_-T-WViw1aZgVrtfTpE", "created_at": "2022-02-27T03:01:02.171", "expires_at": "2022-02-28T03:01:02"}}, {"model": "token_blacklist.outstandingtoken", "pk": 14, "fields": {"user": 1, "jti": "0c3fa2bc03e84a98acbd7768709ed9d1", "token": "eyJ0eXAiOiJKV1QiLCJhbGciOiJIUzI1NiJ9.eyJ0b2tlbl90eXBlIjoicmVmcmVzaCIsImV4cCI6MTY0NjAzMDMwMywiaWF0IjoxNjQ1OTQzOTAzLCJqdGkiOiIwYzNmYTJiYzAzZTg0YTk4YWNiZDc3Njg3MDllZDlkMSIsInVzZXJfaWQiOjF9.qJyKeepS22Ixy7LiwjbYvBXEv_Ez-IHR6H6cUodl4Xc", "created_at": "2022-02-27T06:38:23.716", "expires_at": "2022-02-28T06:38:23"}}, {"model": "token_blacklist.outstandingtoken", "pk": 15, "fields": {"user": 1, "jti": "7e13fd4916a4484cb03ee6719acd33d6", "token": "eyJ0eXAiOiJKV1QiLCJhbGciOiJIUzI1NiJ9.eyJ0b2tlbl90eXBlIjoicmVmcmVzaCIsImV4cCI6MTY0NjAzMTY4NCwiaWF0IjoxNjQ1OTQ1Mjg0LCJqdGkiOiI3ZTEzZmQ0OTE2YTQ0ODRjYjAzZWU2NzE5YWNkMzNkNiIsInVzZXJfaWQiOjF9.poT2x7V1MavqdqMcyRRhpQJsXqSaM5M6MBxMmPCyHrY", "created_at": "2022-02-27T07:01:24.295", "expires_at": "2022-02-28T07:01:24"}}, {"model": "token_blacklist.blacklistedtoken", "pk": 1, "fields": {"token": 1, "blacklisted_at": "2022-02-26T15:33:56.655"}}, {"model": "token_blacklist.blacklistedtoken", "pk": 2, "fields": {"token": 2, "blacklisted_at": "2022-02-26T15:34:05.478"}}, {"model": "token_blacklist.blacklistedtoken", "pk": 3, "fields": {"token": 6, "blacklisted_at": "2022-02-26T23:54:15.094"}}, {"model": "token_blacklist.blacklistedtoken", "pk": 4, "fields": {"token": 7, "blacklisted_at": "2022-02-26T23:55:09.210"}}, {"model": "token_blacklist.blacklistedtoken", "pk": 5, "fields": {"token": 8, "blacklisted_at": "2022-02-27T00:50:28.474"}}, {"model": "token_blacklist.blacklistedtoken", "pk": 6, "fields": {"token": 9, "blacklisted_at": "2022-02-27T01:03:47.334"}}, {"model": "token_blacklist.blacklistedtoken", "pk": 7, "fields": {"token": 11, "blacklisted_at": "2022-02-27T10:07:21.328"}}, {"model": "token_blacklist.blacklistedtoken", "pk": 8, "fields": {"token": 12, "blacklisted_at": "2022-02-27T12:00:40.716"}}]